[
  {
    "name": "Agari.webp",
    "url": "https://res.cloudinary.com/dnyw9l3xa/image/upload/v1757343714/site-images/Agari.webp",
    "type": "personnages"
  },
  {
    "name": "Gamaken.webp",
    "url": "https://res.cloudinary.com/dnyw9l3xa/image/upload/v1757343714/site-images/Gamaken.webp",
    "type": "invocations"
  },
  {
    "name": "Gamahiro.webp",
    "url": "https://res.cloudinary.com/dnyw9l3xa/image/upload/v1757343714/site-images/Gamahiro.webp",
    "type": "invocations"
  },
  {
    "name": "Gamakichi.webp",
    "url": "https://res.cloudinary.com/dnyw9l3xa/image/upload/v1757343714/site-images/Gamakichi.webp",
    "type": "invocations"
  },
  {
    "name": "Nanabi.webp",
    "url": "https://res.cloudinary.com/dnyw9l3xa/image/upload/v1757343714/site-images/Nanabi.webp",
    "type": "demons"
  },
  {
    "name": "Gerotora.webp",
    "url": "https://res.cloudinary.com/dnyw9l3xa/image/upload/v1757343714/site-images/Gerotora.webp",
    "type": "invocations"
  },
  {
    "name": "Yonbi.webp",
    "url": "https://res.cloudinary.com/dnyw9l3xa/image/upload/v1757343714/site-images/Yonbi.webp",
    "type": "demons"
  },
  {
    "name": "Baki.webp",
    "url": "https://res.cloudinary.com/dnyw9l3xa/image/upload/v1757343714/site-images/Baki.webp",
    "type": "personnages"
  },
  {
    "name": "Jiroubou.webp",
    "url": "https://res.cloudinary.com/dnyw9l3xa/image/upload/v1757343714/site-images/Jiroubou.webp",
    "type": "personnages"
  },
  {
    "name": "Chohan.webp",
    "url": "https://res.cloudinary.com/dnyw9l3xa/image/upload/v1757343714/site-images/Chohan.webp",
    "type": "personnages"
  },
  {
    "name": "Giichi.webp",
    "url": "https://res.cloudinary.com/dnyw9l3xa/image/upload/v1757343714/site-images/Giichi.webp",
    "type": "personnages"
  },
  {
    "name": "Yajirobee.webp",
    "url": "https://res.cloudinary.com/dnyw9l3xa/image/upload/v1757343714/site-images/Yajirobee.webp",
    "type": "personnages"
  },
  {
    "name": "Guruko.webp",
    "url": "https://res.cloudinary.com/dnyw9l3xa/image/upload/v1757343714/site-images/Guruko.webp",
    "type": "invocations"
  },
  {
    "name": "Hagane Kotetsu.webp",
    "url": "https://res.cloudinary.com/dnyw9l3xa/image/upload/v1757343714/site-images/Hagane_Kotetsu.webp",
    "type": "personnages"
  },
  {
    "name": "Kankurou.webp",
    "url": "https://res.cloudinary.com/dnyw9l3xa/image/upload/v1757343714/site-images/Kankurou.webp",
    "type": "personnages"
  },
  {
    "name": "Bisuke.webp",
    "url": "https://res.cloudinary.com/dnyw9l3xa/image/upload/v1757343714/site-images/Bisuke.webp",
    "type": "invocations"
  },
  {
    "name": "Akino.webp",
    "url": "https://res.cloudinary.com/dnyw9l3xa/image/upload/v1757343714/site-images/Akino.webp",
    "type": "invocations"
  },
  {
    "name": "Haku.webp",
    "url": "https://res.cloudinary.com/dnyw9l3xa/image/upload/v1757343714/site-images/Haku.webp",
    "type": "personnages"
  },
  {
    "name": "Inaho.webp",
    "url": "https://res.cloudinary.com/dnyw9l3xa/image/upload/v1757343714/site-images/Inaho.webp",
    "type": "personnages"
  },
  {
    "name": "Inari.webp",
    "url": "https://res.cloudinary.com/dnyw9l3xa/image/upload/v1757343714/site-images/Inari.webp",
    "type": "personnages"
  },
  {
    "name": "Ebisu.webp",
    "url": "https://res.cloudinary.com/dnyw9l3xa/image/upload/v1757343714/site-images/Ebisu.webp",
    "type": "personnages"
  },
  {
    "name": "Aoi Rokushou.webp",
    "url": "https://res.cloudinary.com/dnyw9l3xa/image/upload/v1757343714/site-images/Aoi_Rokushou.webp",
    "type": "personnages"
  },
  {
    "name": "Tobitake Tonbo.webp",
    "url": "https://res.cloudinary.com/dnyw9l3xa/image/upload/v1757343714/site-images/Tobitake_Tonbo.webp",
    "type": "personnages"
  },
  {
    "name": "Inuzuka Kiba.webp",
    "url": "https://res.cloudinary.com/dnyw9l3xa/image/upload/v1757343714/site-images/Inuzuka_Kiba.webp",
    "type": "personnages"
  },
  {
    "name": "Suzumebachi.webp",
    "url": "https://res.cloudinary.com/dnyw9l3xa/image/upload/v1757343714/site-images/Suzumebachi.webp",
    "type": "personnages"
  },
  {
    "name": "Pak-kun.webp",
    "url": "https://res.cloudinary.com/dnyw9l3xa/image/upload/v1757343714/site-images/Pak-kun.webp",
    "type": "invocations"
  },
  {
    "name": "Hayase.webp",
    "url": "https://res.cloudinary.com/dnyw9l3xa/image/upload/v1757343714/site-images/Hayase.webp",
    "type": "personnages"
  },
  {
    "name": "Kaiza.webp",
    "url": "https://res.cloudinary.com/dnyw9l3xa/image/upload/v1757343714/site-images/Kaiza.webp",
    "type": "personnages"
  },
  {
    "name": "Uchiha Uruchi.webp",
    "url": "https://res.cloudinary.com/dnyw9l3xa/image/upload/v1757343714/site-images/Uchiha_Uruchi.webp",
    "type": "personnages"
  },
  {
    "name": "Ibiki Morino.webp",
    "url": "https://res.cloudinary.com/dnyw9l3xa/image/upload/v1757343714/site-images/Ibiki_Morino.webp",
    "type": "personnages"
  },
  {
    "name": "Manda.webp",
    "url": "https://res.cloudinary.com/dnyw9l3xa/image/upload/v1757343714/site-images/Manda.webp",
    "type": "invocations"
  },
  {
    "name": "Shiba.webp",
    "url": "https://res.cloudinary.com/dnyw9l3xa/image/upload/v1757343714/site-images/Shiba.webp",
    "type": "invocations"
  },
  {
    "name": "Hosho.webp",
    "url": "https://res.cloudinary.com/dnyw9l3xa/image/upload/v1757343714/site-images/Hosho.webp",
    "type": "personnages"
  },
  {
    "name": "Kakashi Hatake.webp",
    "url": "https://res.cloudinary.com/dnyw9l3xa/image/upload/v1757343714/site-images/Kakashi_Hatake.webp",
    "type": "personnages"
  },
  {
    "name": "Rokubi.webp",
    "url": "https://res.cloudinary.com/dnyw9l3xa/image/upload/v1757343714/site-images/Rokubi.webp",
    "type": "demons"
  },
  {
    "name": "Karura.webp",
    "url": "https://res.cloudinary.com/dnyw9l3xa/image/upload/v1757343714/site-images/Karura.webp",
    "type": "personnages"
  },
  {
    "name": "Fuuma Arashi.webp",
    "url": "https://res.cloudinary.com/dnyw9l3xa/image/upload/v1757343714/site-images/Fuuma_Arashi.webp",
    "type": "personnages"
  },
  {
    "name": "Enma.webp",
    "url": "https://res.cloudinary.com/dnyw9l3xa/image/upload/v1757343714/site-images/Enma.webp",
    "type": "invocations"
  },
  {
    "name": "Ami.webp",
    "url": "https://res.cloudinary.com/dnyw9l3xa/image/upload/v1757343714/site-images/Ami.webp",
    "type": "personnages"
  },
  {
    "name": "Gamamaru.webp",
    "url": "https://res.cloudinary.com/dnyw9l3xa/image/upload/v1757343714/site-images/Gamamaru.webp",
    "type": "invocations"
  },
  {
    "name": "Goshiki.webp",
    "url": "https://res.cloudinary.com/dnyw9l3xa/image/upload/v1757343714/site-images/Goshiki.webp",
    "type": "personnages"
  },
  {
    "name": "Tatami Iwashi.webp",
    "url": "https://res.cloudinary.com/dnyw9l3xa/image/upload/v1757343714/site-images/Tatami_Iwashi.webp",
    "type": "personnages"
  },
  {
    "name": "Gato.webp",
    "url": "https://res.cloudinary.com/dnyw9l3xa/image/upload/v1757343714/site-images/Gato.webp",
    "type": "personnages"
  },
  {
    "name": "Haruno Sakura.webp",
    "url": "https://res.cloudinary.com/dnyw9l3xa/image/upload/v1757343714/site-images/Haruno_Sakura.webp",
    "type": "personnages"
  },
  {
    "name": "Hinata Hyuuga.webp",
    "url": "https://res.cloudinary.com/dnyw9l3xa/image/upload/v1757343714/site-images/Hinata_Hyuuga.webp",
    "type": "personnages"
  },
  {
    "name": "Akodo Yoroi.webp",
    "url": "https://res.cloudinary.com/dnyw9l3xa/image/upload/v1757343714/site-images/Akodo_Yoroi.webp",
    "type": "personnages"
  },
  {
    "name": "Kyuubi.webp",
    "url": "https://res.cloudinary.com/dnyw9l3xa/image/upload/v1757343714/site-images/Kyuubi.webp",
    "type": "demons"
  },
  {
    "name": "Isarabi.webp",
    "url": "https://res.cloudinary.com/dnyw9l3xa/image/upload/v1757343714/site-images/Isarabi.webp",
    "type": "personnages"
  },
  {
    "name": "Fuki.webp",
    "url": "https://res.cloudinary.com/dnyw9l3xa/image/upload/v1757343714/site-images/Fuki.webp",
    "type": "personnages"
  },
  {
    "name": "Gobi.webp",
    "url": "https://res.cloudinary.com/dnyw9l3xa/image/upload/v1757343714/site-images/Gobi.webp",
    "type": "demons"
  },
  {
    "name": "Kidoumaru.webp",
    "url": "https://res.cloudinary.com/dnyw9l3xa/image/upload/v1757343714/site-images/Kidoumaru.webp",
    "type": "personnages"
  },
  {
    "name": "Ino Yamanaka.webp",
    "url": "https://res.cloudinary.com/dnyw9l3xa/image/upload/v1757343714/site-images/Ino_Yamanaka.webp",
    "type": "personnages"
  },
  {
    "name": "Kaze No Kuni No Daimyo.webp",
    "url": "https://res.cloudinary.com/dnyw9l3xa/image/upload/v1757343714/site-images/Kaze_No_Kuni_No_Daimyo.webp",
    "type": "personnages"
  },
  {
    "name": "Akimichi Chouza.webp",
    "url": "https://res.cloudinary.com/dnyw9l3xa/image/upload/v1757343714/site-images/Akimichi_Chouza.webp",
    "type": "personnages"
  },
  {
    "name": "Gamaden.webp",
    "url": "https://res.cloudinary.com/dnyw9l3xa/image/upload/v1757343714/site-images/Gamaden.webp",
    "type": "invocations"
  },
  {
    "name": "Kaji.webp",
    "url": "https://res.cloudinary.com/dnyw9l3xa/image/upload/v1757343714/site-images/Kaji.webp",
    "type": "personnages"
  },
  {
    "name": "Tazuna.webp",
    "url": "https://res.cloudinary.com/dnyw9l3xa/image/upload/v1757343714/site-images/Tazuna.webp",
    "type": "personnages"
  },
  {
    "name": "Kaori.webp",
    "url": "https://res.cloudinary.com/dnyw9l3xa/image/upload/v1757343714/site-images/Kaori.webp",
    "type": "personnages"
  },
  {
    "name": "Bekko.webp",
    "url": "https://res.cloudinary.com/dnyw9l3xa/image/upload/v1757343714/site-images/Bekko.webp",
    "type": "personnages"
  },
  {
    "name": "Karashi.webp",
    "url": "https://res.cloudinary.com/dnyw9l3xa/image/upload/v1757343714/site-images/Karashi.webp",
    "type": "personnages"
  },
  {
    "name": "Gennai.webp",
    "url": "https://res.cloudinary.com/dnyw9l3xa/image/upload/v1757343714/site-images/Gennai.webp",
    "type": "personnages"
  },
  {
    "name": "Inuzuka Tsume.webp",
    "url": "https://res.cloudinary.com/dnyw9l3xa/image/upload/v1757343714/site-images/Inuzuka_Tsume.webp",
    "type": "personnages"
  },
  {
    "name": "Ningame.webp",
    "url": "https://res.cloudinary.com/dnyw9l3xa/image/upload/v1757343714/site-images/Ningame.webp",
    "type": "invocations"
  },
  {
    "name": "Inuzuka Hana.webp",
    "url": "https://res.cloudinary.com/dnyw9l3xa/image/upload/v1757343714/site-images/Inuzuka_Hana.webp",
    "type": "personnages"
  },
  {
    "name": "Temari.webp",
    "url": "https://res.cloudinary.com/dnyw9l3xa/image/upload/v1757343714/site-images/Temari.webp",
    "type": "personnages"
  },
  {
    "name": "Utatane Koharu.webp",
    "url": "https://res.cloudinary.com/dnyw9l3xa/image/upload/v1757343714/site-images/Utatane_Koharu.webp",
    "type": "personnages"
  },
  {
    "name": "Bull.webp",
    "url": "https://res.cloudinary.com/dnyw9l3xa/image/upload/v1757343714/site-images/Bull.webp",
    "type": "invocations"
  },
  {
    "name": "Korobi.webp",
    "url": "https://res.cloudinary.com/dnyw9l3xa/image/upload/v1757343714/site-images/Korobi.webp",
    "type": "personnages"
  },
  {
    "name": "Hyuuga Hanabi.webp",
    "url": "https://res.cloudinary.com/dnyw9l3xa/image/upload/v1757343714/site-images/Hyuuga_Hanabi.webp",
    "type": "personnages"
  },
  {
    "name": "Fuuma Kagerou.webp",
    "url": "https://res.cloudinary.com/dnyw9l3xa/image/upload/v1757343714/site-images/Fuuma_Kagerou.webp",
    "type": "personnages"
  },
  {
    "name": "Hizashi Hyuuga.webp",
    "url": "https://res.cloudinary.com/dnyw9l3xa/image/upload/v1757343714/site-images/Hizashi_Hyuuga.webp",
    "type": "personnages"
  },
  {
    "name": "Kyodaigumo.webp",
    "url": "https://res.cloudinary.com/dnyw9l3xa/image/upload/v1757343714/site-images/Kyodaigumo.webp",
    "type": "invocations"
  },
  {
    "name": "Yuushi Kurenai.jpg",
    "url": "https://res.cloudinary.com/dnyw9l3xa/image/upload/v1757343714/site-images/Yuushi_Kurenai.jpg",
    "type": "personnages"
  },
  {
    "name": "Fukasaku.webp",
    "url": "https://res.cloudinary.com/dnyw9l3xa/image/upload/v1757343714/site-images/Fukasaku.webp",
    "type": "invocations"
  },
  {
    "name": "Genyumaru.webp",
    "url": "https://res.cloudinary.com/dnyw9l3xa/image/upload/v1757343714/site-images/Genyumaru.webp",
    "type": "personnages"
  },
  {
    "name": "Udon.webp",
    "url": "https://res.cloudinary.com/dnyw9l3xa/image/upload/v1757343714/site-images/Udon.webp",
    "type": "personnages"
  },
  {
    "name": "Gamatatsu.webp",
    "url": "https://res.cloudinary.com/dnyw9l3xa/image/upload/v1757343714/site-images/Gamatatsu.webp",
    "type": "invocations"
  },
  {
    "name": "Iyashi.webp",
    "url": "https://res.cloudinary.com/dnyw9l3xa/image/upload/v1757343714/site-images/Iyashi.webp",
    "type": "personnages"
  },
  {
    "name": "Tsunami.webp",
    "url": "https://res.cloudinary.com/dnyw9l3xa/image/upload/v1757343714/site-images/Tsunami.webp",
    "type": "personnages"
  },
  {
    "name": "Fuujin.webp",
    "url": "https://res.cloudinary.com/dnyw9l3xa/image/upload/v1757343714/site-images/Fuujin.webp",
    "type": "personnages"
  },
  {
    "name": "Ichikaru Teuchi.webp",
    "url": "https://res.cloudinary.com/dnyw9l3xa/image/upload/v1757343714/site-images/Ichikaru_Teuchi.webp",
    "type": "personnages"
  },
  {
    "name": "Kanpo.webp",
    "url": "https://res.cloudinary.com/dnyw9l3xa/image/upload/v1757343714/site-images/Kanpo.webp",
    "type": "personnages"
  },
  {
    "name": "Ayame.webp",
    "url": "https://res.cloudinary.com/dnyw9l3xa/image/upload/v1757343714/site-images/Ayame.webp",
    "type": "personnages"
  },
  {
    "name": "Uchiwa Fugaku.webp",
    "url": "https://res.cloudinary.com/dnyw9l3xa/image/upload/v1757343714/site-images/Uchiwa_Fugaku.webp",
    "type": "personnages"
  },
  {
    "name": "Sanbi.webp",
    "url": "https://res.cloudinary.com/dnyw9l3xa/image/upload/v1757343714/site-images/Sanbi.webp",
    "type": "demons"
  },
  {
    "name": "Aburame Shibi.webp",
    "url": "https://res.cloudinary.com/dnyw9l3xa/image/upload/v1757343714/site-images/Aburame_Shibi.webp",
    "type": "personnages"
  },
  {
    "name": "Nibi.webp",
    "url": "https://res.cloudinary.com/dnyw9l3xa/image/upload/v1757343714/site-images/Nibi.webp",
    "type": "demons"
  },
  {
    "name": "Uzumaki Naruto.webp",
    "url": "https://res.cloudinary.com/dnyw9l3xa/image/upload/v1757343714/site-images/Uzumaki_Naruto.webp",
    "type": "personnages"
  },
  {
    "name": "Ichibi.webp",
    "url": "https://res.cloudinary.com/dnyw9l3xa/image/upload/v1757343714/site-images/Ichibi.webp",
    "type": "demons"
  },
  {
    "name": "Kazekage.webp",
    "url": "https://res.cloudinary.com/dnyw9l3xa/image/upload/v1757343714/site-images/Kazekage.webp",
    "type": "personnages"
  },
  {
    "name": "Genin Oboro.webp",
    "url": "https://res.cloudinary.com/dnyw9l3xa/image/upload/v1757343714/site-images/Genin_Oboro.webp",
    "type": "personnages"
  },
  {
    "name": "Hiruzen Sarutobi Sandaime.webp",
    "url": "https://res.cloudinary.com/dnyw9l3xa/image/upload/v1757343714/site-images/Hiruzen_Sarutobi_Sandaime.webp",
    "type": "personnages"
  },
  {
    "name": "Emi.webp",
    "url": "https://res.cloudinary.com/dnyw9l3xa/image/upload/v1757343714/site-images/Emi.webp",
    "type": "personnages"
  },
  {
    "name": "Houki.webp",
    "url": "https://res.cloudinary.com/dnyw9l3xa/image/upload/v1757343714/site-images/Houki.webp",
    "type": "personnages"
  },
  {
    "name": "Yamashiro Aoba.webp",
    "url": "https://res.cloudinary.com/dnyw9l3xa/image/upload/v1757343714/site-images/Yamashiro_Aoba.webp",
    "type": "personnages"
  },
  {
    "name": "Teguse.webp",
    "url": "https://res.cloudinary.com/dnyw9l3xa/image/upload/v1757343714/site-images/Teguse.webp",
    "type": "personnages"
  },
  {
    "name": "Shima.webp",
    "url": "https://res.cloudinary.com/dnyw9l3xa/image/upload/v1757343714/site-images/Shima.webp",
    "type": "invocations"
  },
  {
    "name": "Gyuki.webp",
    "url": "https://res.cloudinary.com/dnyw9l3xa/image/upload/v1757343714/site-images/Gyuki.webp",
    "type": "demons"
  },
  {
    "name": "Choseki.webp",
    "url": "https://res.cloudinary.com/dnyw9l3xa/image/upload/v1757343714/site-images/Choseki.webp",
    "type": "personnages"
  },
  {
    "name": "Uchiha Teyaki.webp",
    "url": "https://res.cloudinary.com/dnyw9l3xa/image/upload/v1757343714/site-images/Uchiha_Teyaki.webp",
    "type": "personnages"
  },
  {
    "name": "Sukima.webp",
    "url": "https://res.cloudinary.com/dnyw9l3xa/image/upload/v1757343714/site-images/Sukima.webp",
    "type": "personnages"
  },
  {
    "name": "Aoda.webp",
    "url": "https://res.cloudinary.com/dnyw9l3xa/image/upload/v1757343714/site-images/Aoda.webp",
    "type": "invocations"
  },
  {
    "name": "Genno.webp",
    "url": "https://res.cloudinary.com/dnyw9l3xa/image/upload/v1757343714/site-images/Genno.webp",
    "type": "personnages"
  },
  {
    "name": "Suzume.webp",
    "url": "https://res.cloudinary.com/dnyw9l3xa/image/upload/v1757343714/site-images/Suzume.webp",
    "type": "personnages"
  },
  {
    "name": "Jibachi.webp",
    "url": "https://res.cloudinary.com/dnyw9l3xa/image/upload/v1757343714/site-images/Jibachi.webp",
    "type": "personnages"
  },
  {
    "name": "Tsuchi Kin.webp",
    "url": "https://res.cloudinary.com/dnyw9l3xa/image/upload/v1757343714/site-images/Tsuchi_Kin.webp",
    "type": "personnages"
  },
  {
    "name": "Susuki.webp",
    "url": "https://res.cloudinary.com/dnyw9l3xa/image/upload/v1757343714/site-images/Susuki.webp",
    "type": "personnages"
  },
  {
    "name": "Hiashi Hyuuga.webp",
    "url": "https://res.cloudinary.com/dnyw9l3xa/image/upload/v1757343714/site-images/Hiashi_Hyuuga.webp",
    "type": "personnages"
  },
  {
    "name": "Haruna.webp",
    "url": "https://res.cloudinary.com/dnyw9l3xa/image/upload/v1757343714/site-images/Haruna.webp",
    "type": "personnages"
  },
  {
    "name": "Kazabune.webp",
    "url": "https://res.cloudinary.com/dnyw9l3xa/image/upload/v1757343714/site-images/Kazabune.webp",
    "type": "personnages"
  },
  {
    "name": "Sumaru.webp",
    "url": "https://res.cloudinary.com/dnyw9l3xa/image/upload/v1757343714/site-images/Sumaru.webp",
    "type": "personnages"
  },
  {
    "name": "Aburame Shino.webp",
    "url": "https://res.cloudinary.com/dnyw9l3xa/image/upload/v1757343714/site-images/Aburame_Shino.webp",
    "type": "personnages"
  },
  {
    "name": "Sozu.webp",
    "url": "https://res.cloudinary.com/dnyw9l3xa/image/upload/v1757343714/site-images/Sozu.webp",
    "type": "personnages"
  },
  {
    "name": "Tsubaki Parent.webp",
    "url": "https://res.cloudinary.com/dnyw9l3xa/image/upload/v1757343714/site-images/Tsubaki_Parent.webp",
    "type": "personnages"
  },
  {
    "name": "Katsuyu.webp",
    "url": "https://res.cloudinary.com/dnyw9l3xa/image/upload/v1757343714/site-images/Katsuyu.webp",
    "type": "invocations"
  },
  {
    "name": "Inoichi Yamanaka.webp",
    "url": "https://res.cloudinary.com/dnyw9l3xa/image/upload/v1757343714/site-images/Inoichi_Yamanaka.webp",
    "type": "personnages"
  },
  {
    "name": "Yashamaru.webp",
    "url": "https://res.cloudinary.com/dnyw9l3xa/image/upload/v1757343714/site-images/Yashamaru.webp",
    "type": "personnages"
  },
  {
    "name": "Fuuma Jigumo.webp",
    "url": "https://res.cloudinary.com/dnyw9l3xa/image/upload/v1757343714/site-images/Fuuma_Jigumo.webp",
    "type": "personnages"
  },
  {
    "name": "Janto.webp",
    "url": "https://res.cloudinary.com/dnyw9l3xa/image/upload/v1757343714/site-images/Janto.webp",
    "type": "personnages"
  },
  {
    "name": "Ibara.webp",
    "url": "https://res.cloudinary.com/dnyw9l3xa/image/upload/v1757343714/site-images/Ibara.webp",
    "type": "personnages"
  },
  {
    "name": "Fuuma Sasame.webp",
    "url": "https://res.cloudinary.com/dnyw9l3xa/image/upload/v1757343714/site-images/Fuuma_Sasame.webp",
    "type": "personnages"
  },
  {
    "name": "Gamabunta.webp",
    "url": "https://res.cloudinary.com/dnyw9l3xa/image/upload/v1757343714/site-images/Gamabunta.webp",
    "type": "invocations"
  },
  {
    "name": "Kasumi.webp",
    "url": "https://res.cloudinary.com/dnyw9l3xa/image/upload/v1757343714/site-images/Kasumi.webp",
    "type": "personnages"
  },
  {
    "name": "Chouji Akimichi.webp",
    "url": "https://res.cloudinary.com/dnyw9l3xa/image/upload/v1757343714/site-images/Chouji_Akimichi.webp",
    "type": "personnages"
  },
  {
    "name": "Kimimaro Kaguya.webp",
    "url": "https://res.cloudinary.com/dnyw9l3xa/image/upload/v1757343714/site-images/Kimimaro_Kaguya.webp",
    "type": "personnages"
  },
  {
    "name": "Zabuza Momochi.webp",
    "url": "https://res.cloudinary.com/dnyw9l3xa/image/upload/v1757343714/site-images/Zabuza_Momochi.webp",
    "type": "personnages"
  },
  {
    "name": "Genma Shiranui.webp",
    "url": "https://res.cloudinary.com/dnyw9l3xa/image/upload/v1757343714/site-images/Genma_Shiranui.webp",
    "type": "personnages"
  },
  {
    "name": "Ageha.webp",
    "url": "https://res.cloudinary.com/dnyw9l3xa/image/upload/v1757343714/site-images/Ageha.webp",
    "type": "personnages"
  },
  {
    "name": "Uchiha Mikoto.webp",
    "url": "https://res.cloudinary.com/dnyw9l3xa/image/upload/v1757343714/site-images/Uchiha_Mikoto.webp",
    "type": "personnages"
  },
  {
    "name": "Yakushi Kabuto.webp",
    "url": "https://res.cloudinary.com/dnyw9l3xa/image/upload/v1757343714/site-images/Yakushi_Kabuto.webp",
    "type": "personnages"
  },
  {
    "name": "Shiore.webp",
    "url": "https://res.cloudinary.com/dnyw9l3xa/image/upload/v1757343714/site-images/Shiore.webp",
    "type": "personnages"
  },
  {
    "name": "Tsurugu Misumi.webp",
    "url": "https://res.cloudinary.com/dnyw9l3xa/image/upload/v1757343714/site-images/Tsurugu_Misumi.webp",
    "type": "personnages"
  },
  {
    "name": "Waraji.webp",
    "url": "https://res.cloudinary.com/dnyw9l3xa/image/upload/v1757343714/site-images/Waraji.webp",
    "type": "personnages"
  },
  {
    "name": "Fuuma Hanzaki.webp",
    "url": "https://res.cloudinary.com/dnyw9l3xa/image/upload/v1757343714/site-images/Fuuma_Hanzaki.webp",
    "type": "personnages"
  },
  {
    "name": "Tenten.webp",
    "url": "https://res.cloudinary.com/dnyw9l3xa/image/upload/v1757343714/site-images/Tenten.webp",
    "type": "personnages"
  },
  {
    "name": "Gantetsu.webp",
    "url": "https://res.cloudinary.com/dnyw9l3xa/image/upload/v1757343714/site-images/Gantetsu.webp",
    "type": "personnages"
  },
  {
    "name": "Dengaku.webp",
    "url": "https://res.cloudinary.com/dnyw9l3xa/image/upload/v1757343714/site-images/Dengaku.webp",
    "type": "personnages"
  },
  {
    "name": "Urushi.webp",
    "url": "https://res.cloudinary.com/dnyw9l3xa/image/upload/v1757343714/site-images/Urushi.webp",
    "type": "invocations"
  },
  {
    "name": "Hyuga No Kodai.webp",
    "url": "https://res.cloudinary.com/dnyw9l3xa/image/upload/v1757343714/site-images/Hyuga_No_Kodai.webp",
    "type": "personnages"
  },
  {
    "name": "Tayuya.webp",
    "url": "https://res.cloudinary.com/dnyw9l3xa/image/upload/v1757343714/site-images/Tayuya.webp",
    "type": "personnages"
  },
  {
    "name": "Yaoki.webp",
    "url": "https://res.cloudinary.com/dnyw9l3xa/image/upload/v1757343714/site-images/Yaoki.webp",
    "type": "personnages"
  },
  {
    "name": "Hoki.webp",
    "url": "https://res.cloudinary.com/dnyw9l3xa/image/upload/v1757343714/site-images/Hoki.webp",
    "type": "personnages"
  },
  {
    "name": "Abumi Zaku.webp",
    "url": "https://res.cloudinary.com/dnyw9l3xa/image/upload/v1757343714/site-images/Abumi_Zaku.webp",
    "type": "personnages"
  },
  {
    "name": "Uchiwa Sasuke.webp",
    "url": "https://res.cloudinary.com/dnyw9l3xa/image/upload/v1757343714/site-images/Uchiwa_Sasuke.webp",
    "type": "personnages"
  },
  {
    "name": "Tsubaki.webp",
    "url": "https://res.cloudinary.com/dnyw9l3xa/image/upload/v1757343714/site-images/Tsubaki.webp",
    "type": "personnages"
  },
  {
    "name": "Mizuki.webp",
    "url": "https://res.cloudinary.com/dnyw9l3xa/image/upload/v1757343714/site-images/Mizuki.webp",
    "type": "personnages"
  },
  {
    "name": "Kamizuki Izumo.webp",
    "url": "https://res.cloudinary.com/dnyw9l3xa/image/upload/v1757343714/site-images/Kamizuki_Izumo.webp",
    "type": "personnages"
  },
  {
    "name": "Baiu.webp",
    "url": "https://res.cloudinary.com/dnyw9l3xa/image/upload/v1757343714/site-images/Baiu.webp",
    "type": "personnages"
  },
  {
    "name": "Jiraiya Ero-Sennin.webp",
    "url": "https://res.cloudinary.com/dnyw9l3xa/image/upload/v1757343714/site-images/Jiraiya_Ero-Sennin.webp",
    "type": "personnages"
  },
  {
    "name": "Shizune.webp",
    "url": "https://res.cloudinary.com/dnyw9l3xa/image/upload/v1757343714/site-images/Shizune.webp",
    "type": "personnages"
  },
  {
    "name": "Iruka Umino.webp",
    "url": "https://res.cloudinary.com/dnyw9l3xa/image/upload/v1757343714/site-images/Iruka_Umino.webp",
    "type": "personnages"
  },
  {
    "name": "Meizu.webp",
    "url": "https://res.cloudinary.com/dnyw9l3xa/image/upload/v1757343714/site-images/Meizu.webp",
    "type": "personnages"
  },
  {
    "name": "Kinuta Dosu.webp",
    "url": "https://res.cloudinary.com/dnyw9l3xa/image/upload/v1757343714/site-images/Kinuta_Dosu.webp",
    "type": "personnages"
  },
  {
    "name": "Tobio.webp",
    "url": "https://res.cloudinary.com/dnyw9l3xa/image/upload/v1757343714/site-images/Tobio.webp",
    "type": "personnages"
  },
  {
    "name": "Tsunade Koichi Godaime.webp",
    "url": "https://res.cloudinary.com/dnyw9l3xa/image/upload/v1757343714/site-images/Tsunade_Koichi_Godaime.webp",
    "type": "personnages"
  },
  {
    "name": "Kurama Yakumo.webp",
    "url": "https://res.cloudinary.com/dnyw9l3xa/image/upload/v1757343714/site-images/Kurama_Yakumo.webp",
    "type": "personnages"
  },
  {
    "name": "Gekkou Hayate.webp",
    "url": "https://res.cloudinary.com/dnyw9l3xa/image/upload/v1757343714/site-images/Gekkou_Hayate.webp",
    "type": "personnages"
  },
  {
    "name": "Kosuke.webp",
    "url": "https://res.cloudinary.com/dnyw9l3xa/image/upload/v1757343714/site-images/Kosuke.webp",
    "type": "invocations"
  },
  {
    "name": "Akame Iwana.webp",
    "url": "https://res.cloudinary.com/dnyw9l3xa/image/upload/v1757343714/site-images/Akame_Iwana.webp",
    "type": "personnages"
  },
  {
    "name": "Sarutobi Asuma.webp",
    "url": "https://res.cloudinary.com/dnyw9l3xa/image/upload/v1757343714/site-images/Sarutobi_Asuma.webp",
    "type": "personnages"
  },
  {
    "name": "Dan.webp",
    "url": "https://res.cloudinary.com/dnyw9l3xa/image/upload/v1757343714/site-images/Dan.webp",
    "type": "personnages"
  },
  {
    "name": "Senju Hashirima Shodaime.webp",
    "url": "https://res.cloudinary.com/dnyw9l3xa/image/upload/v1757343714/site-images/Senju_Hashirima_Shodaime.webp",
    "type": "personnages"
  },
  {
    "name": "Fuuma Kamakiri.webp",
    "url": "https://res.cloudinary.com/dnyw9l3xa/image/upload/v1757343714/site-images/Fuuma_Kamakiri.webp",
    "type": "personnages"
  },
  {
    "name": "Namiashi Raido.webp",
    "url": "https://res.cloudinary.com/dnyw9l3xa/image/upload/v1757343714/site-images/Namiashi_Raido.webp",
    "type": "personnages"
  },
  {
    "name": "Uhei.webp",
    "url": "https://res.cloudinary.com/dnyw9l3xa/image/upload/v1757343714/site-images/Uhei.webp",
    "type": "invocations"
  },
  {
    "name": "Akane.webp",
    "url": "https://res.cloudinary.com/dnyw9l3xa/image/upload/v1757343714/site-images/Akane.webp",
    "type": "personnages"
  },
  {
    "name": "Genzo.webp",
    "url": "https://res.cloudinary.com/dnyw9l3xa/image/upload/v1757343714/site-images/Genzo.webp",
    "type": "personnages"
  },
  {
    "name": "Kity.webp",
    "url": "https://res.cloudinary.com/dnyw9l3xa/image/upload/v1757343714/site-images/Kity.webp",
    "type": "personnages"
  },
  {
    "name": "Kamatari.webp",
    "url": "https://res.cloudinary.com/dnyw9l3xa/image/upload/v1757343714/site-images/Kamatari.webp",
    "type": "invocations"
  },
  {
    "name": "Manabu Akado.webp",
    "url": "https://res.cloudinary.com/dnyw9l3xa/image/upload/v1757343714/site-images/Manabu_Akado.webp",
    "type": "personnages"
  },
  {
    "name": "Kurobachi.webp",
    "url": "https://res.cloudinary.com/dnyw9l3xa/image/upload/v1757343714/site-images/Kurobachi.webp",
    "type": "personnages"
  },
  {
    "name": "Komaza.webp",
    "url": "https://res.cloudinary.com/dnyw9l3xa/image/upload/v1757343714/site-images/Komaza.webp",
    "type": "personnages"
  },
  {
    "name": "Komugi.webp",
    "url": "https://res.cloudinary.com/dnyw9l3xa/image/upload/v1757343714/site-images/Komugi.webp",
    "type": "personnages"
  },
  {
    "name": "Ugai.webp",
    "url": "https://res.cloudinary.com/dnyw9l3xa/image/upload/v1757343714/site-images/Ugai.webp",
    "type": "personnages"
  },
  {
    "name": "Gama.webp",
    "url": "https://res.cloudinary.com/dnyw9l3xa/image/upload/v1757343714/site-images/Gama.webp",
    "type": "invocations"
  },
  {
    "name": "Mubi.webp",
    "url": "https://res.cloudinary.com/dnyw9l3xa/image/upload/v1757343715/site-images/Mubi.webp",
    "type": "personnages"
  },
  {
    "name": "Rock Lee.webp",
    "url": "https://res.cloudinary.com/dnyw9l3xa/image/upload/v1757343715/site-images/Rock_Lee.webp",
    "type": "personnages"
  },
  {
    "name": "Momiji.webp",
    "url": "https://res.cloudinary.com/dnyw9l3xa/image/upload/v1757343715/site-images/Momiji.webp",
    "type": "personnages"
  },
  {
    "name": "Raijin.webp",
    "url": "https://res.cloudinary.com/dnyw9l3xa/image/upload/v1757343715/site-images/Raijin.webp",
    "type": "personnages"
  },
  {
    "name": "Minoji.webp",
    "url": "https://res.cloudinary.com/dnyw9l3xa/image/upload/v1757343715/site-images/Minoji.webp",
    "type": "personnages"
  },
  {
    "name": "Midori.webp",
    "url": "https://res.cloudinary.com/dnyw9l3xa/image/upload/v1757343715/site-images/Midori.webp",
    "type": "personnages"
  },
  {
    "name": "Nidaime.webp",
    "url": "https://res.cloudinary.com/dnyw9l3xa/image/upload/v1757343715/site-images/Nidaime.webp",
    "type": "personnages"
  },
  {
    "name": "Moegi.webp",
    "url": "https://res.cloudinary.com/dnyw9l3xa/image/upload/v1757343715/site-images/Moegi.webp",
    "type": "personnages"
  },
  {
    "name": "Namikaze Minato Yondaime.webp",
    "url": "https://res.cloudinary.com/dnyw9l3xa/image/upload/v1757343715/site-images/Namikaze_Minato_Yondaime.webp",
    "type": "personnages"
  },
  {
    "name": "Natsuhi.webp",
    "url": "https://res.cloudinary.com/dnyw9l3xa/image/upload/v1757343715/site-images/Natsuhi.webp",
    "type": "personnages"
  },
  {
    "name": "Orochimaru.webp",
    "url": "https://res.cloudinary.com/dnyw9l3xa/image/upload/v1757343715/site-images/Orochimaru.webp",
    "type": "personnages"
  },
  {
    "name": "Otokaze.webp",
    "url": "https://res.cloudinary.com/dnyw9l3xa/image/upload/v1757343715/site-images/Otokaze.webp",
    "type": "personnages"
  },
  {
    "name": "Mitokado Homura.webp",
    "url": "https://res.cloudinary.com/dnyw9l3xa/image/upload/v1757343715/site-images/Mitokado_Homura.webp",
    "type": "personnages"
  },
  {
    "name": "Nanafushi.webp",
    "url": "https://res.cloudinary.com/dnyw9l3xa/image/upload/v1757343715/site-images/Nanafushi.webp",
    "type": "personnages"
  },
  {
    "name": "Migaki.webp",
    "url": "https://res.cloudinary.com/dnyw9l3xa/image/upload/v1757343715/site-images/Migaki.webp",
    "type": "personnages"
  },
  {
    "name": "Nara Shikaku.webp",
    "url": "https://res.cloudinary.com/dnyw9l3xa/image/upload/v1757343715/site-images/Nara_Shikaku.webp",
    "type": "personnages"
  },
  {
    "name": "Shiba Kusa.webp",
    "url": "https://res.cloudinary.com/dnyw9l3xa/image/upload/v1757343716/site-images/Shiba_Kusa.webp",
    "type": "personnages"
  },
  {
    "name": "Mibu Shinobu.webp",
    "url": "https://res.cloudinary.com/dnyw9l3xa/image/upload/v1757343715/site-images/Mibu_Shinobu.webp",
    "type": "personnages"
  },
  {
    "name": "Konohamaru.webp",
    "url": "https://res.cloudinary.com/dnyw9l3xa/image/upload/v1757343716/site-images/Konohamaru.webp",
    "type": "personnages"
  },
  {
    "name": "Kusushi.webp",
    "url": "https://res.cloudinary.com/dnyw9l3xa/image/upload/v1757343716/site-images/Kusushi.webp",
    "type": "personnages"
  },
  {
    "name": "Nara Shikamaru.webp",
    "url": "https://res.cloudinary.com/dnyw9l3xa/image/upload/v1757343716/site-images/Nara_Shikamaru.webp",
    "type": "personnages"
  },
  {
    "name": "Ranmaru.webp",
    "url": "https://res.cloudinary.com/dnyw9l3xa/image/upload/v1757343716/site-images/Ranmaru.webp",
    "type": "personnages"
  },
  {
    "name": "Shigure.webp",
    "url": "https://res.cloudinary.com/dnyw9l3xa/image/upload/v1757343715/site-images/Shigure.webp",
    "type": "personnages"
  },
  {
    "name": "Neji Hyuuga.webp",
    "url": "https://res.cloudinary.com/dnyw9l3xa/image/upload/v1757343715/site-images/Neji_Hyuuga.webp",
    "type": "personnages"
  },
  {
    "name": "Otora.webp",
    "url": "https://res.cloudinary.com/dnyw9l3xa/image/upload/v1757343716/site-images/Otora.webp",
    "type": "personnages"
  },
  {
    "name": "Sajin.webp",
    "url": "https://res.cloudinary.com/dnyw9l3xa/image/upload/v1757343716/site-images/Sajin.webp",
    "type": "personnages"
  },
  {
    "name": "Mitate.webp",
    "url": "https://res.cloudinary.com/dnyw9l3xa/image/upload/v1757343716/site-images/Mitate.webp",
    "type": "personnages"
  },
  {
    "name": "Morino Idate.webp",
    "url": "https://res.cloudinary.com/dnyw9l3xa/image/upload/v1757343715/site-images/Morino_Idate.webp",
    "type": "personnages"
  },
  {
    "name": "Raiga Kurosuke.webp",
    "url": "https://res.cloudinary.com/dnyw9l3xa/image/upload/v1757343716/site-images/Raiga_Kurosuke.webp",
    "type": "personnages"
  },
  {
    "name": "Satetsu.webp",
    "url": "https://res.cloudinary.com/dnyw9l3xa/image/upload/v1757343715/site-images/Satetsu.webp",
    "type": "personnages"
  },
  {
    "name": "Riichi.webp",
    "url": "https://res.cloudinary.com/dnyw9l3xa/image/upload/v1757343716/site-images/Riichi.webp",
    "type": "personnages"
  },
  {
    "name": "Kusabi.webp",
    "url": "https://res.cloudinary.com/dnyw9l3xa/image/upload/v1757343716/site-images/Kusabi.webp",
    "type": "personnages"
  },
  {
    "name": "Maito Gai.webp",
    "url": "https://res.cloudinary.com/dnyw9l3xa/image/upload/v1757343716/site-images/Maito_Gai.webp",
    "type": "personnages"
  },
  {
    "name": "Midare.webp",
    "url": "https://res.cloudinary.com/dnyw9l3xa/image/upload/v1757343715/site-images/Midare.webp",
    "type": "personnages"
  },
  {
    "name": "Matsuri.webp",
    "url": "https://res.cloudinary.com/dnyw9l3xa/image/upload/v1757343716/site-images/Matsuri.webp",
    "type": "personnages"
  },
  {
    "name": "Sanshou Obasan.webp",
    "url": "https://res.cloudinary.com/dnyw9l3xa/image/upload/v1757343716/site-images/Sanshou_Obasan.webp",
    "type": "personnages"
  },
  {
    "name": "Shibire.webp",
    "url": "https://res.cloudinary.com/dnyw9l3xa/image/upload/v1757343716/site-images/Shibire.webp",
    "type": "personnages"
  },
  {
    "name": "Sakon.webp",
    "url": "https://res.cloudinary.com/dnyw9l3xa/image/upload/v1757343716/site-images/Sakon.webp",
    "type": "personnages"
  },
  {
    "name": "Nawaki.webp",
    "url": "https://res.cloudinary.com/dnyw9l3xa/image/upload/v1757343716/site-images/Nawaki.webp",
    "type": "personnages"
  },
  {
    "name": "Sabaku No Gaara.webp",
    "url": "https://res.cloudinary.com/dnyw9l3xa/image/upload/v1757343716/site-images/Sabaku_No_Gaara.webp",
    "type": "personnages"
  },
  {
    "name": "Kusuma.webp",
    "url": "https://res.cloudinary.com/dnyw9l3xa/image/upload/v1757343716/site-images/Kusuma.webp",
    "type": "personnages"
  },
  {
    "name": "Okei.webp",
    "url": "https://res.cloudinary.com/dnyw9l3xa/image/upload/v1757343715/site-images/Okei.webp",
    "type": "personnages"
  },
  {
    "name": "Anko Mitarashi.webp",
    "url": "https://res.cloudinary.com/dnyw9l3xa/image/upload/v1757343714/site-images/Anko_Mitarashi.webp",
    "type": "personnages"
  },
  {
    "name": "Kisame Hoshigaki.webp",
    "url": "https://res.cloudinary.com/dnyw9l3xa/image/upload/v1757343716/site-images/Kisame_Hoshigaki.webp",
    "type": "personnages"
  }
]